{
  "mean": [
    1039.3605172413793,
    1558.9481034482758,
    638.0089655172413,
    1050.1677586206897,
    775.946724137931,
    226.5993103448276,
    13015.424827586206,
    4732.6,
    80.33206896551724,
    -30.73741379310345,
    114.24741379310345,
    1007.8248275862069,
    2336.420344827586,
    657.0306896551724,
    156.75551724137932,
    1191.5243103448277,
    717.1710344827586,
    1199.6593103448276,
    16548.54344827586,
    127.305,
    -77.91258620689655,
    137.86948275862068
  ],
  "scale": [
    244.495851159514,
    348.83267339927585,
    246.08241244087915,
    236.88822905315862,
    319.1254111219467,
    4741.9609387125265,
    3380.4498374712575,
    6011.533460572786,
    567.170231459956,
    932.7038983035038,
    506.0067912112763,
    2.882767612591157,
    5.967833305635518,
    1.7842479938859643,
    1.9655359648231014,
    4.123953832674526,
    107.94433937163228,
    114.52618944368093,
    84.01850273542428,
    43.72516724795994,
    32.075349545779666,
    15.030361218319108
  ]
}