{
  "mean": [
    953.0411787571796,
    1591.6294291494612,
    698.852534792996,
    1205.3467624851808,
    806.4603558127548,
    -5235.943436651777,
    7054.627915575866,
    6706.204745802201,
    35.76796301193446,
    47.073889626419664,
    136.90096771051125,
    902.6836634493828,
    2185.3985919580505,
    623.4392651303053,
    150.03419668166907,
    1142.5521214446544,
    2018.108520021967,
    228.56438601304353,
    14873.966837693526,
    168.92061781211007,
    -54.888284944557554,
    132.96659995974863
  ],
  "scale": [
    179.36432199588782,
    384.04539329150333,
    260.83423937559513,
    288.2839491732922,
    188.34683980348584,
    8320.936361703862,
    5558.70229675784,
    5246.37564108884,
    1813.3768058388612,
    4749.068270096629,
    2792.1812262478065,
    140.06052323349076,
    324.73119080230265,
    87.68158209873738,
    24.987090471079977,
    123.7596138315278,
    4689.945979665518,
    3248.7608376365556,
    4096.996409843069,
    589.929364808638,
    870.6747274010435,
    562.945106978647
  ]
}