{
  "mean": [
    1002.2436218109054,
    1688.7713856928465,
    801.903451725863,
    1178.5072536268135,
    726.8899449724862,
    -4260.100050025013,
    14880.142071035518,
    -1323.8899449724863,
    60.201100550275136,
    -38.48574287143572,
    103.17958979489745,
    1001.1660830415208,
    2330.7953976988492,
    654.8339169584792,
    152.3671835917959,
    1188.135067533767,
    453.7948974487244,
    1434.585292646323,
    16489.14657328664,
    122.41420710355177,
    -79.88344172086043,
    137.50125062531265
  ],
  "scale": [
    138.04642909681596,
    310.76963839104945,
    318.3506789068806,
    324.60204723159814,
    280.94443183810813,
    3188.112626155721,
    2522.4470272591607,
    2171.5127523712135,
    418.8829813382453,
    1041.3208243387032,
    512.1573086640869,
    3.9423598663447046,
    5.985697379251033,
    1.9607020149179235,
    2.3636914224113723,
    3.9864409864954578,
    78.65841040054369,
    98.20565044177066,
    82.29294071218403,
    35.52347782801718,
    35.501747957170885,
    13.578404175995857
  ]
}